{
  "total" : 2,
  "items" : [ {
    "uid" : "df38e28408ff4f403e4b1d557b2d042d",
    "name" : "Annomalies mineures",
    "statistic" : {
      "failed" : 3,
      "broken" : 0,
      "skipped" : 0,
      "passed" : 0,
      "unknown" : 0,
      "total" : 3
    }
  }, {
    "uid" : "e078086d5cba580da48d70e41766e303",
    "name" : "Recommandations",
    "statistic" : {
      "failed" : 3,
      "broken" : 0,
      "skipped" : 0,
      "passed" : 0,
      "unknown" : 0,
      "total" : 3
    }
  } ]
}