{
  "total" : 2,
  "items" : [ {
    "uid" : "9f364143fe2436a0f5858ceee248bfaa",
    "name" : "Annomalies mineures",
    "statistic" : {
      "failed" : 3,
      "broken" : 0,
      "skipped" : 0,
      "passed" : 0,
      "unknown" : 0,
      "total" : 3
    }
  }, {
    "uid" : "0fd1586ce2cd3603e632518932b8b08a",
    "name" : "Recommandations",
    "statistic" : {
      "failed" : 3,
      "broken" : 0,
      "skipped" : 0,
      "passed" : 0,
      "unknown" : 0,
      "total" : 3
    }
  } ]
}