{
  "uid" : "b1a8273437954620fa374b796ffaacdd",
  "name" : "behaviors",
  "children" : [ {
    "name" : "Annomalies mineures",
    "children" : [ {
      "name" : "Connexion error",
      "children" : [ {
        "name" : "Connexion error",
        "uid" : "afe69c9663b1dc78",
        "parentUid" : "29f5dbdc3fddb06ca9ccbe8dc60cfdae",
        "status" : "failed",
        "time" : {
          "start" : 1630404185390,
          "stop" : 1630404210971,
          "duration" : 25581
        },
        "flaky" : false,
        "newFailed" : false,
        "parameters" : [ ]
      } ],
      "uid" : "29f5dbdc3fddb06ca9ccbe8dc60cfdae"
    }, {
      "name" : "No smart number search",
      "children" : [ {
        "name" : "No smart number search",
        "uid" : "f9cfe0698e057a50",
        "parentUid" : "81271fc2bc65937fbee1a520890a7c05",
        "status" : "failed",
        "time" : {
          "start" : 1630404211083,
          "stop" : 1630404232090,
          "duration" : 21007
        },
        "flaky" : false,
        "newFailed" : false,
        "parameters" : [ "economies", "economie" ]
      } ],
      "uid" : "81271fc2bc65937fbee1a520890a7c05"
    }, {
      "name" : "Button size varying",
      "children" : [ {
        "name" : "Button size varying",
        "uid" : "2d6e8eb432349806",
        "parentUid" : "115d1e10921ab035c21048b882c8a5b4",
        "status" : "failed",
        "time" : {
          "start" : 1630404232111,
          "stop" : 1630404259033,
          "duration" : 26922
        },
        "flaky" : false,
        "newFailed" : false,
        "parameters" : [ "malikadouma19@gmail.com", "Malika2016*" ]
      } ],
      "uid" : "115d1e10921ab035c21048b882c8a5b4"
    } ],
    "uid" : "df38e28408ff4f403e4b1d557b2d042d"
  }, {
    "name" : "Recommandations",
    "children" : [ {
      "name" : "Improve search filters",
      "children" : [ {
        "name" : "Improve search filters",
        "uid" : "23dd9b05ff2849d",
        "parentUid" : "3a8ca5fc5e22138adc7d9b7dc740a714",
        "status" : "failed",
        "time" : {
          "start" : 1630404259050,
          "stop" : 1630404265226,
          "duration" : 6176
        },
        "flaky" : false,
        "newFailed" : false,
        "parameters" : [ ]
      } ],
      "uid" : "3a8ca5fc5e22138adc7d9b7dc740a714"
    }, {
      "name" : "Change text color",
      "children" : [ {
        "name" : "Change text color",
        "uid" : "a4259c1aeb504131",
        "parentUid" : "9b1847c9981a7c1ca2577e3fbf5b6d16",
        "status" : "failed",
        "time" : {
          "start" : 1630404269870,
          "stop" : 1630404281226,
          "duration" : 11356
        },
        "flaky" : false,
        "newFailed" : false,
        "parameters" : [ ]
      } ],
      "uid" : "9b1847c9981a7c1ca2577e3fbf5b6d16"
    }, {
      "name" : "Superfluous space",
      "children" : [ {
        "name" : "Superfluous space",
        "uid" : "cfc85e3288e30fbb",
        "parentUid" : "106462c0495d6716ae71000d7fcf2b3a",
        "status" : "failed",
        "time" : {
          "start" : 1630407500307,
          "stop" : 1630407516569,
          "duration" : 16262
        },
        "flaky" : false,
        "newFailed" : false,
        "parameters" : [ ]
      } ],
      "uid" : "106462c0495d6716ae71000d7fcf2b3a"
    } ],
    "uid" : "e078086d5cba580da48d70e41766e303"
  } ]
}