{
  "uid" : "83edc06c07f9ae9e47eb6dd1b683e4e2",
  "name" : "packages",
  "children" : [ {
    "name" : "src.test.resources.features",
    "children" : [ {
      "name" : "MinorAbnormalities_feature.Annomalies mineures",
      "children" : [ {
        "name" : "Connexion error",
        "uid" : "afe69c9663b1dc78",
        "parentUid" : "53c4058ec45c9c970482f1860426d6af",
        "status" : "failed",
        "time" : {
          "start" : 1630404185390,
          "stop" : 1630404210971,
          "duration" : 25581
        },
        "flaky" : false,
        "newFailed" : false,
        "parameters" : [ ]
      }, {
        "name" : "No smart number search",
        "uid" : "f9cfe0698e057a50",
        "parentUid" : "53c4058ec45c9c970482f1860426d6af",
        "status" : "failed",
        "time" : {
          "start" : 1630404211083,
          "stop" : 1630404232090,
          "duration" : 21007
        },
        "flaky" : false,
        "newFailed" : false,
        "parameters" : [ "economies", "economie" ]
      }, {
        "name" : "Button size varying",
        "uid" : "2d6e8eb432349806",
        "parentUid" : "53c4058ec45c9c970482f1860426d6af",
        "status" : "failed",
        "time" : {
          "start" : 1630404232111,
          "stop" : 1630404259033,
          "duration" : 26922
        },
        "flaky" : false,
        "newFailed" : false,
        "parameters" : [ "malikadouma19@gmail.com", "Malika2016*" ]
      } ],
      "uid" : "MinorAbnormalities_feature.Annomalies mineures"
    }, {
      "name" : "Recommandation_feature.Recommandations",
      "children" : [ {
        "name" : "Improve search filters",
        "uid" : "23dd9b05ff2849d",
        "parentUid" : "3cb7d69a7448debfb9922a61a1953a31",
        "status" : "failed",
        "time" : {
          "start" : 1630404259050,
          "stop" : 1630404265226,
          "duration" : 6176
        },
        "flaky" : false,
        "newFailed" : false,
        "parameters" : [ ]
      }, {
        "name" : "Change text color",
        "uid" : "a4259c1aeb504131",
        "parentUid" : "3cb7d69a7448debfb9922a61a1953a31",
        "status" : "failed",
        "time" : {
          "start" : 1630404269870,
          "stop" : 1630404281226,
          "duration" : 11356
        },
        "flaky" : false,
        "newFailed" : false,
        "parameters" : [ ]
      }, {
        "name" : "Superfluous space",
        "uid" : "cfc85e3288e30fbb",
        "parentUid" : "3cb7d69a7448debfb9922a61a1953a31",
        "status" : "failed",
        "time" : {
          "start" : 1630407500307,
          "stop" : 1630407516569,
          "duration" : 16262
        },
        "flaky" : false,
        "newFailed" : false,
        "parameters" : [ ]
      } ],
      "uid" : "Recommandation_feature.Recommandations"
    } ],
    "uid" : "src.test.resources.features"
  } ]
}