{
  "uid" : "98d3104e051c652961429bf95fa0b5d6",
  "name" : "suites",
  "children" : [ {
    "name" : "Annomalies mineures",
    "children" : [ {
      "name" : "Connexion error",
      "uid" : "afe69c9663b1dc78",
      "parentUid" : "9f364143fe2436a0f5858ceee248bfaa",
      "status" : "failed",
      "time" : {
        "start" : 1630404185390,
        "stop" : 1630404210971,
        "duration" : 25581
      },
      "flaky" : false,
      "newFailed" : false,
      "parameters" : [ ]
    }, {
      "name" : "No smart number search",
      "uid" : "f9cfe0698e057a50",
      "parentUid" : "9f364143fe2436a0f5858ceee248bfaa",
      "status" : "failed",
      "time" : {
        "start" : 1630404211083,
        "stop" : 1630404232090,
        "duration" : 21007
      },
      "flaky" : false,
      "newFailed" : false,
      "parameters" : [ "economies", "economie" ]
    }, {
      "name" : "Button size varying",
      "uid" : "2d6e8eb432349806",
      "parentUid" : "9f364143fe2436a0f5858ceee248bfaa",
      "status" : "failed",
      "time" : {
        "start" : 1630404232111,
        "stop" : 1630404259033,
        "duration" : 26922
      },
      "flaky" : false,
      "newFailed" : false,
      "parameters" : [ "malikadouma19@gmail.com", "Malika2016*" ]
    } ],
    "uid" : "9f364143fe2436a0f5858ceee248bfaa"
  }, {
    "name" : "Recommandations",
    "children" : [ {
      "name" : "Improve search filters",
      "uid" : "23dd9b05ff2849d",
      "parentUid" : "0fd1586ce2cd3603e632518932b8b08a",
      "status" : "failed",
      "time" : {
        "start" : 1630404259050,
        "stop" : 1630404265226,
        "duration" : 6176
      },
      "flaky" : false,
      "newFailed" : false,
      "parameters" : [ ]
    }, {
      "name" : "Change text color",
      "uid" : "a4259c1aeb504131",
      "parentUid" : "0fd1586ce2cd3603e632518932b8b08a",
      "status" : "failed",
      "time" : {
        "start" : 1630404269870,
        "stop" : 1630404281226,
        "duration" : 11356
      },
      "flaky" : false,
      "newFailed" : false,
      "parameters" : [ ]
    }, {
      "name" : "Superfluous space",
      "uid" : "cfc85e3288e30fbb",
      "parentUid" : "0fd1586ce2cd3603e632518932b8b08a",
      "status" : "failed",
      "time" : {
        "start" : 1630407500307,
        "stop" : 1630407516569,
        "duration" : 16262
      },
      "flaky" : false,
      "newFailed" : false,
      "parameters" : [ ]
    } ],
    "uid" : "0fd1586ce2cd3603e632518932b8b08a"
  } ]
}